source,title,article_brief,datetime
/news-releases/hyundai-motor-and-legendary-designer-giorgetto-giugiaro-collaborate-to-rebuild-original-1974-pony-coupe-concept-301686654.html,,"Hyundai Motor Company today announced it will work with Italian design firm GFG Style, notably its father and son founders Giorgetto and Fabrizio...",2022-12-07 15:33:14.747719
/news-releases/rokid-and-eyedaptic-launch-eye5-to-help-amd-patients-enhance-their-vision-301686651.html,,"Recently, Rokid, an augmented reality glasses manufacturer, partnered with Eyedaptic to unveil the all-new EYE5 smart glasses at the American Academy ...",2022-12-07 15:33:14.747719
/news-releases/xtcom-lists-tri-in-its-main-zone-301686648.html,,"XT.COM, the world's first socially infused trading platform, is thrilled to announce the listing of TRI on its platform in the Main Zone and the...",2022-12-07 15:33:14.747719
/news-releases/vinfast-suscribe-una-alianza-estrategica-global-con-inform-para-implementar-una-solucion-de-software-de-logistica-vehicular-835485790.html,,"VinFast, el primer fabricante global de vehículos eléctricos de Vietnam, e INFORM, un proveedor líder de software de optimización basado en IA que...",2022-12-07 15:33:14.747719
/news-releases/light-up-qatars-carbon-neutral-world-cup----800mw-solar-power-plant-in-qatar-constructed-by-powerchina-connected-to-the-grid-301686633.html,,A news report by haiwainet.cn: The 2022 FIFA World Cup is here - Qatar attracts attention with the world's biggest sporting event finally kicks off....,2022-12-07 15:33:14.747719
/news-releases/durchbruch-bei-wasserbasierter-vaping-technologie-auf-dem-ukvia-forum-prasentiert-301686631.html,,Das von der UK Vaping Industry Association (UKVIA) organisierte Vaping Industry Forum and Awards Dinner ist ein wichtiger Termin im Kalender der...,2022-12-07 15:33:14.747719
/news-releases/le-forum-ukvia-revele-une-percee-du-vapotage-a-base-deau-301686630.html,,"Le forum et le diner de gala de l'industrie du vapotage, organisés par l'association britannique de l'industrie du vapotage (UKVIA), est un...",2022-12-07 15:33:14.747719
/news-releases/el-avance-del-vapeo-a-base-de-agua-se-presenta-en-el-foro-ukvia-301686629.html,,"El Foro de la Industria del Vapeo y la Cena de Premios, organizados por la Asociación de la Industria del Vapeo del Reino Unido (UKVIA), es una fecha ...",2022-12-07 15:33:14.747719
/news-releases/--ukvia--------301686627.html,,"Форум вейпинга и торжественный обед с церемонией награждения, организованные британской ассоциацией вейпинга UK Vaping Industry Association (UKVIA),...",2022-12-07 15:33:14.747719
/news-releases/la-rivoluzione-del-vaping-a-base-dacqua-presentata-al-forum-ukvia-301686628.html,,"Il Vaping Industry Forum and Awards Dinner, organizzato dalla UK Vaping Industry Association (UKVIA), è un appuntamento importante nel calendario del ...",2022-12-07 15:33:14.747719
/news-releases/warnung-nach-ermittlungen-gegen-falschungsfabriken-fur-vape-produkte-von-elfbar-301686626.html,,"Einzelhändler und Verbraucher werden gewarnt, dass potenziell gefährliche gefälschte Verbrauchsartikel, die den britischen Markt überschwemmen, in...",2022-12-07 15:33:14.747719
/news-releases/mise-en-garde-contre-les-usines-de-contrefacon-de-produits-de-vapotage-suite-a-une-enquete-delfbar-301686625.html,,Les détaillants et consommateurs sont avertis que des produits de contrefaçon potentiellement dangereux qui envahissent le marché du Royaume-Uni sont ...,2022-12-07 15:33:14.747719
/news-releases/the-royal-house-of-medici-to-launch-art-platform-m-1563-301686592.html,,The Medici dynasty's legacy as one of history's most influential patrons of the arts is now reborn with the launch of an exhibition and auction...,2022-12-07 15:33:14.747719
/news-releases/vieworks-exhibits-at-rsna-2022-with-its-complete-lineup-of-next-generation-x-ray-flat-panel-detectors-301685386.html,,"Vieworks, a leading digital x-ray imaging solution provider based in South Korea, will be exhibiting its complete lineup of DR flat panel detectors...",2022-12-07 15:33:14.747719
/news-releases/cr-england-provides-substitute-notice-to-former-employees-about-a-previously-disclosed-security-incident-301686570.html,,C.R. England today announced it is notifying the final group of individuals potentially impacted by a data security incident previously publicly...,2022-12-07 15:33:14.747719
/news-releases/vieworks-exhibits-at-rsna-2022-with-its-complete-lineup-of-next-generation-x-ray-flat-panel-detectors-301685025.html,,"Vieworks, a leading digital x-ray imaging solution provider based in South Korea, will be exhibiting its complete lineup of DR flat panel detectors...",2022-12-07 15:33:14.747719
/news-releases/sendero-health-plans-and-community-partners-bring-thanksgiving-holiday-cheer-to-austin-area-residents-301686616.html,,Volunteers braved the recent cold weather to help brighten the Thanksgiving holiday for Austin-area residents in need. Several groups joined together ...,2022-12-07 15:33:14.747719
/news-releases/rosen-leading-investor-counsel-encourages-rent-the-runway-inc-investors-with-losses-to-secure-counsel-before-important-deadline-in-securities-class-action--rent-301686591.html,,"WHY: Rosen Law Firm, a global investor rights law firm, reminds purchasers of the securities of Rent the Runway, Inc. (NASDAQ: RENT) pursuant and/or...",2022-12-07 15:33:14.747719
/news-releases/explosive-brand-power-vivotek-recognized-as-top40-taiwan-global-brand-for-the-3rd-year-in-a-row-301685829.html,,"VIVOTEK (TAIEX: 3454), the global leading IP surveillance solution provider, has been recognized as top40 Taiwan global brand for the third...",2022-12-07 15:33:14.747719
/news-releases/explosive-brand-power-vivotek-recognized-as-top40-taiwan-global-brand-for-the-3rd-year-in-a-row-301685782.html,,"VIVOTEK (TAIEX: 3454), the global leading IP surveillance solution provider, has been recognized as top40 Taiwan global brand for the third...",2022-12-07 15:33:14.747719
/news-releases/shareholder-alert-weiss-law-investigates-equillium-inc-301686587.html,,"Weiss Law is investigating possible breaches of fiduciary duty and other violations of law by the board of directors of Equillium, Inc. (""Equillium""...",2022-12-07 15:33:14.747719
/news-releases/hall-of-fame-resort--entertainment-company-announces-inducement-equity-grants-301686597.html,,"Hall of Fame Resort & Entertainment Company (""HOFV"" or the ""Company"") (NASDAQ: HOFV, HOFVW), the only resort, entertainment and media company...",2022-12-07 15:33:14.763348
/news-releases/mercado-libre-arrasa-en-buen-fin-con-un-73-de-crecimiento-y-rompe-su-propio-record-durante-las-primeras-24-horas-875431659.html,,"Al concluir la temporada de descuentos más importante del año, Mercado Libre, la plataforma de comercio electrónico más importante de Latinoamérica,...",2022-12-07 15:33:14.763348
/news-releases/local-business-annual-charity-turkey-fry-raises-more-than-10-000-for-world-central-kitchen-301686595.html,,"Maryland-headquartered Learning Without Tears, a leading early childhood education company, is hosting its annual Pre-Thanksgiving Charity Turkey Fry ...",2022-12-07 15:33:14.763348
/news-releases/dispatchhealth-raises-more-than-330-million-to-expand-its-technology-enabled-ecosystem-of-high-acuity-care-in-the-home-301686594.html,,"DispatchHealth, the nation's first comprehensive in-home, high acuity medical care provider, today announced it has raised more than $330 million in...",2022-12-07 15:33:14.763348
/news-releases/rosen-trusted-investor-counsel-encourages-singularity-future-technology-ltd-fka-sino-global-shipping-america-ltd-investors-to-inquire-about-securities-class-action-investigation--sgly-sino-301685388.html,,"WHY: Rosen Law Firm, a global investor rights law firm, continues to investigate potential securities claims on behalf of shareholders of Singularity ...",2022-12-07 15:33:14.763348
/news-releases/the-royal-house-of-medici-to-launch-art-platform-m-1563-301686592.html,,The Medici dynasty's legacy as one of history's most influential patrons of the arts is now reborn with the launch of an exhibition and auction...,2022-12-07 15:33:14.763348
/news-releases/sunrate-announces-strategic-partnership-with-agoda-301682227.html,,"FinTech company SUNRATE, the global payment and treasury management platform announced that it has entered into a partnership with Agoda. SUNRATE...",2022-12-07 15:33:14.763348
/news-releases/sunrate-anuncia-asociacion-estrategica-con-agoda-301683054.html,,"La empresa de FinTech SUNRATE, la plataforma global de gestión de pagos y tesorería, ha anunciado que ha establecido una asociación con Agoda....",2022-12-07 15:33:14.763348
/news-releases/sunrate-announces-strategic-partnership-with-agoda-301683053.html,,"FinTech company SUNRATE, the global payment and treasury management platform announced that it has entered into a partnership with Agoda. SUNRATE...",2022-12-07 15:33:14.763348
/news-releases/sunrate-annonce-un-partenariat-strategique-avec-agoda-301683051.html,,"La société de fintech SUNRATE, plateforme mondiale de gestion des paiements et de trésorerie, a annoncé avoir conclu un partenariat avec Agoda....",2022-12-07 15:33:14.763348
/news-releases/sunrate-gibt-strategische-partnerschaft-mit-agoda-bekannt-301683052.html,,"Das FinTech-Unternehmen SUNRATE, die globale Zahlungsverkehrs- und Finanzverwaltungsplattform, gab bekannt, dass es eine Partnerschaft mit Agoda...",2022-12-07 15:33:14.763348
/news-releases/sunrate-anuncia-parceria-estrategica-com-agoda-848698944.html,,"A fintech SUNRATE, plataforma global de gestão de pagamentos e tesouraria, anunciou que firmou uma parceria com a Agoda. A SUNRATE integrará sua...",2022-12-07 15:33:14.763348
/news-releases/sunrate-anuncia-una-alianza-estrategica-con-agoda-841229337.html,,"La empresa FinTech SUNRATE, una plataforma global de gestión de pagos y tesorería, anunció su alianza con Agoda. SUNRATE integrará su solución de...",2022-12-07 15:33:14.763348
/news-releases/bgl-real-estate-advisors-announces-sale-leaseback-for-the-indoor-waterpark-at-hall-of-fame-village-301686589.html,,"Brown Gibbons Lang & Company (BGL) is pleased to announce the financial closing of a sale-leaseback transaction for the 147,000 square foot, football ...",2022-12-07 15:33:14.763348
/news-releases/eisai-to-present-latest-data-on-fycompa-perampanel-ciii-at-the-76th-american-epilepsy-society-aes-annual-meeting-301685641.html,,"Eisai Co., Ltd. (Headquarters: Tokyo, CEO: Haruo Naito, ""Eisai"") announced today that the company will have a total of 34 posters, including the...",2022-12-07 15:33:14.763348
/news-releases/marktdruck-und-wirtschaftliche-unsicherheit-telekommunikationsbranche-2023-vor-schwierigen-bedingungen-301686581.html,,"Analysys Mason, eine weltweit führende Unternehmensberatung mit Schwerpunkt auf Telekommunikation, Medien und Technologie (TMT), hat vor den...",2022-12-07 15:33:14.763348
/news-releases/investigation-alert-the-schall-law-firm-announces-it-is-investigating-claims-against-r1-rcm-inc-and-encourages-investors-with-losses-to-contact-the-firm-301686526.html,,"The Schall Law Firm, a national shareholder rights litigation firm, announces that it is investigating claims on behalf of investors of R1 RCM Inc....",2022-12-07 15:33:14.763348
/news-releases/federal-home-loan-bank-of-new-york-announces-results-of-2022-board-of-director-elections-301686578.html,FEDERAL HOME LOAN BANK OF NEW YORK ANNOUNCES RESULTS OF 2022 BOARD OF DIRECTOR ELECTIONS,"The Federal Home Loan Bank of New York (""FHLBNY"") announced today the results of the 2022 election for three positions on the FHLBNY's Board of...",2022-12-07 15:33:14.763348
/news-releases/banco-macro-announces-results-for-the-third-quarter-of-2022-301686571.html,,"Banco Macro S.A. (NYSE: BMA; BYMA: BMA) (""Banco Macro"" or ""BMA"" or the ""Bank"") announced today its results for the third quarter ended September 30,...",2022-12-07 15:33:14.763348
/news-releases/the-green-organic-dutchman-reports-third-quarter-2022-results-301686554.html,,"Achieved quarterly net revenues of $9.92 million, a 36% increase from Q3 2021; Net revenues for the nine months ended September 30, 2022 has...",2022-12-07 15:33:14.763348
/news-releases/new-cybersecurity-workforce-development-program-launched-by-info-tech-research-group-to-close-skill-gaps-amid-talent-shortages-301686566.html,,Info-Tech's new cybersecurity training program will develop critical cybersecurity skills missing within IT teams amidst ongoing global cyber attacks ...,2022-12-07 15:33:14.763348
/news-releases/ferrum-health-to-offer-icads-breast-ai-technologies-within-its-womens-health-ai-hub-301686561.html,,"Ferrum Health, a leader in healthcare enterprise AI solutions, announces an agreement with iCAD, Inc., a global medical technology leader providing...",2022-12-07 15:33:14.763348
/news-releases/american-activist-spends-thanksgiving-in-ukraine-301686558.html,,"Thanksgiving's true roots re-emerge in times of war. As Americans celebrate with friends and family, a dinner in war-torn Kiev brings new layers of...",2022-12-07 15:33:14.763348
/news-releases/rei-co-op-to-open-store-in-marina-del-rey-california-in-spring-2023-301686557.html,,"Specialty outdoor retailer REI Co-op will open a new store in Marina del Rey, California in spring 2023. The location will offer a wide assortment of ...",2022-12-07 15:33:14.763348
/news-releases/sun-life-redeems-series-2017-1-subordinated-unsecured-2-75-fixedfloating-debentures-301686529.html,,"TORONTO, Nov. 23, 2022 /PRNewswire/ - Sun Life Financial Inc. (TSX: SLF) (NYSE: SLF) announced today that it completed the redemption of all of its...",2022-12-07 15:33:14.763348
/news-releases/suburban-propane-partners-lp-annual-report-available-online-301686211.html,,"Suburban Propane Partners, L.P. (NYSE:SPH), today announced that it has filed its Annual Report on Form 10-K for its fiscal year ended September 24,...",2022-12-07 15:33:14.763348
/news-releases/huawei-realiza-cupula-de-estudantes-latino-americanos-de-tic-com-unesco-e-efe-899170617.html,,"A Huawei realiza, de 24 a 26 de novembro na Cidade do México, em conjunto com a UNESCO e a agência de notícias EFE, o primeiro Talent Summit Latam de ...",2022-12-07 15:33:14.763348
/news-releases/aris-mining-files-national-instrument-43-101-technical-report-for-its-updated-marmato-expansion-pfs-301686555.html,,"VANCOUVER, BC, Nov. 23, 2022 /PRNewswire/ - Aris Mining Corporation (Aris Mining or the Company) (TSX: ARIS) (OTCQX: TPRFF) announces it has filed an ...",2022-12-07 15:33:14.763348
/news-releases/kingswood-acquisition-corp-announces-extension-of-time-to-consummate-business-combination-301686553.html,,"Kingswood Acquisition Corp. (""we"", ""us"", ""our"", or the ""Company""), has announced today that it was exercising its option to extend the time available ...",2022-12-07 15:33:14.763348
/news-releases/jim-janczy-joins-newfed-mortgage-as-evp-chief-production-officer-301686548.html,,Jim Janczy comes to NewFed Mortgage as an industry-recognized leader with a career that spans over the past 25 years. He will be responsible for...,2022-12-07 15:33:14.763348
/news-releases/national-restaurant-association-statement-on-the-release-of-83-million-in-restaurant-revitalization-fund-grants-301686547.html,,"Today, the Small Business Administration (SBA) announced the release of $83 million dollars in unobligated Restaurant Revitalization Fund (RRF)...",2022-12-07 15:33:14.763348
/news-releases/bit-mining-limited-to-hold-annual-general-meeting-on-december-26-2022-301685971.html,,"BIT Mining Limited (NYSE: BTCM) (""BIT Mining,"" ""the Company,"" ""we,"" ""us,"" or ""our company""), a leading technology-driven cryptocurrency mining...",2022-12-07 15:33:14.763348
/news-releases/greenpower-announces-appointment-of-bdo-as-its-new-auditor-301686521.html,,"GreenPower Motor Company Inc. (Nasdaq: GP) (TSXV: GPV) (""GreenPower"" or the ""Company""), a leading manufacturer and distributor of zero emission...",2022-12-07 15:33:14.763348
/news-releases/it-asset-disposition-itad-market-report-2022-need-to-manage-aging-equipment-in-a-sustainable-way-drives-growth-301686451.html,,"The ""IT Asset Disposition (ITAD) Market Size, Market Share, Application Analysis, Regional Outlook, Growth Trends, Key Players, Competitive...",2022-12-07 15:33:14.763348
/news-releases/niagara-mohawk-power-corporation-declares-preferred-stock-dividends-301686544.html,,"Niagara Mohawk Power Corp. (the ""Company""), an indirect subsidiary of National Grid USA (""National Grid""), announced that its Board of Directors has...",2022-12-07 15:33:14.763348
/news-releases/canada-releases-its-2022-new-wheat-crop-report-301686542.html,,"Each fall, farmers work against the clock to harvest their wheat crops. It's then up to the technical staff at Cereals Canada and the Canadian Grain...",2022-12-07 15:33:14.763348
/news-releases/kinecta-federal-credit-union-provided-holiday-meals-to-more-than-1-300-families-in-the-49th-annual-holiday-food-drive-301686541.html,,"Kinecta Federal Credit Union was joined by community leader Sweet Alice Harris on Sunday, November 20, 2022, to distribute holiday meals to families...",2022-12-07 15:33:14.763348
/news-releases/lufax-reports-third-quarter-2022-financial-results-301686199.html,,"Lufax Holding Ltd (""Lufax"" or the ""Company"") (NYSE: LU), a leading technology-empowered personal financial services platform in China, today...",2022-12-07 15:33:14.763348
/news-releases/eltek-declares-a-cash-dividend-of-0-17-per-share-301686340.html,,"Eltek Ltd. (NASDAQ: ELTK), a global manufacturer and supplier of technologically advanced solutions in the field of printed circuit boards, announced ...",2022-12-07 15:33:14.763348
/news-releases/givex-announces-update-on-continuance-and-name-change-301686493.html,,"TORONTO, Nov. 23, 2022 /PRNewswire/ - Givex Information Technology Group Limited (TSX: GIVX) (OTCQX: GIVXF) (the ""Company"" or ""Givex"") announces that ...",2022-12-07 15:33:14.763348
/news-releases/talon-1-acquisition-corp-announces-receipt-of-notice-from-nasdaq-regarding-late-form-10-q-filing-301686483.html,,"Talon 1 Acquisition Corp. (the ""Company"") announced today that, on November 22, 2022, it received a notice (the ""Notice"") from the Listing...",2022-12-07 15:33:14.763348
/news-releases/structural-health-monitoring-global-market-to-reach-3-8-billion-by-2027-at-a-cagr-of-14-5-301686450.html,,"The ""Structural Health Monitoring Market: Global Industry Trends, Share, Size, Growth, Opportunity and Forecast 2022-2027"" report has been added to...",2022-12-07 15:33:14.763348
/news-releases/graphite-one-announces-insider-participation-in-closing-of-private-placement-301686503.html,,"VANCOUVER, BC, Nov. 23, 2022 /PRNewswire/ - Graphite One Inc. (TSXV: GPH) (OTCQX: GPHOF) (""Graphite One"" or the ""Company"") refers to the November 20, ...",2022-12-07 15:33:14.763348
/news-releases/adhesive-tapes-market-global-market-to-reach-80-billion-by-2030-at-a-cagr-of-6-2-301686444.html,,"The ""Adhesive Tapes Market Size, Market Share, Application Analysis, Regional Outlook, Growth Trends, Key Players, Competitive Strategies and...",2022-12-07 15:33:14.763348
/news-releases/ellomay-capital-ltd-announces-2022-annual-general-meeting-of-shareholders-301686472.html,,"Ellomay Capital Ltd. (NYSE American: ELLO) (TASE: ELLO) (""Ellomay"" or the ""Company""), a renewable energy and power generator and developer of...",2022-12-07 15:33:14.763348
/news-releases/la-conference-internationale-dechange-sur-la-medecine-traditionnelle-chinoise-du-jiangsu-a-debute-a-nankin-301686522.html,,"Le 21 novembre, la « conférence internationale d'échanges sur la médecine traditionnelle chinoise du Jiangsu », parrainée conjointement par le bureau ...",2022-12-07 15:33:14.763348
/news-releases/northstar-reports-third-quarter-2023-financial-results-301686356.html,,"VANCOUVER, BC, Nov. 23, 2022 /PRNewswire/ - Northstar Clean Technologies Inc. (TSXV: ROOF) (OTCQB: ROOOF) (""Northstar"" or the ""Company"") is pleased...",2022-12-07 15:33:14.763348
/news-releases/nisun-international-receives-nasdaq-minimum-bid-price-requirement-extension-301686381.html,,"Nisun International Enterprise Development Group Co., Ltd (NASDAQ: NISN) (""Nisun"" or the ""Company""), announced today that on November 22, 2022, it...",2022-12-07 15:33:14.763348
/news-releases/inspira-technologies-reports-third-quarter-2022-financial-results-301686372.html,,"Inspira Technologies OXY B.H.N. Ltd. (Nasdaq: IINN) (Nasdaq: IINNW) (the ""Company"" or ""Inspira Technologies""), a groundbreaking respiratory support...",2022-12-07 15:33:14.763348
/news-releases/amgen-announces-webcast-of-2022-evercore-isi-healthcare-conference-301686457.html,,"Amgen (NASDAQ:AMGN) will present at the Evercore ISI HealthCONx Conference at 11:20 a.m. ET on Tuesday, November 29, 2022. David M. Reese, M.D.,...",2022-12-07 15:33:14.763348
/news-releases/newark-public-schools-launches-aviation-program-with-aviation-institute-of-maintenance-301686467.html,,"The Newark Board of Education (NBOE) approved a strategic partnership with the Aviation Institute of Maintenance (AIM), of Teterboro, New Jersey. AIM ...",2022-12-07 15:33:14.763348
/news-releases/global-vehicle-to-vehicle-v2v-communication-global-market-to-reach-32-9-billion-by-2026-at-a-13-3-cagr-301686442.html,,"The ""Vehicle-to-Vehicle (V2V) Communication Global Market Report 2022 , Vehicle Type, Connectivity, Deployment Type, Application"" report has been...",2022-12-07 15:33:14.763348
/news-releases/plastic-surgeon-gives-botox-for-food-dr-javad-sajan-reviews-301686517.html,,"On October 24, Allure Esthetic and the Zera Foundation launched a food drive to raise food and funds for local shelters and families in need this...",2022-12-07 15:33:14.763348
/news-releases/whether-sharing-his-story-to-tell-or-breaking-new-ground-with-the-revolutionary-storybook-richard-runyons-legacy-is-something-to-behold-301686484.html,,"There is no doubt that 2022 is Richard Runyon's year, and 2023 is shaping up to be even better. In a short time, Mr. Runyon's statement of success...",2022-12-07 15:33:14.763348
/news-releases/china-automotive-integrated-die-casting-industry-research-report-2022-lower-costs--higher-production-efficiency-and-performance-driving-adoption-301686439.html,,"The ""China Automotive Integrated Die Casting Industry Research Report, 2022"" report has been added to ResearchAndMarkets.com's offering. Integrated...",2022-12-07 15:33:14.763348
/news-releases/cloudwalk-launches-infinitebank-and-aims-to-go-beyond-banking-301686510.html,,"CloudWalk is thrilled to announce a new market positioning for InfinitePay. With InfiniteBank, the company will now offer a full range of banking and ...",2022-12-07 15:33:14.763348
/news-releases/canada-releases-its-2022-new-wheat-crop-report-301686509.html,,"WINNIPEG, MB, Nov. 23, 2022 /PRNewswire/ - Each fall, farmers work against the clock to harvest their wheat crops. It's then up to the technical...",2022-12-07 15:33:14.763348
/news-releases/cloud-9-software-acquires-practice-management-platform-focus-ortho-301686407.html,,"On November 18, 2022, Cloud 9 Software, the leading provider of cloud-based practice management systems for orthodontists, pediatric dentists, and...",2022-12-07 15:33:14.763348
/news-releases/global-packaging-sustainable-films-markets-2021-2022--2031-increasing-demand-for-mono-material-plastic-packaging-key-start-ups-in-the-ecosystem--opportunities-in-bioplastics-trends-301686438.html,,"The ""Sustainable Films for Packaging Market - A Global and Regional Analysis: Focus on Material, Applications, and Region - Analysis and Forecast,...",2022-12-07 15:33:14.763348
/news-releases/new-spanish-production-entity-psychodelux-media-makes-moves-by-partnering-with-seasoned-hollywood-producers-as-they-establish-themselves-in-the-emerging-spanish-film-and-tv-industry-301686508.html,,Spain's PsychoDeLuX Media along with Peter Block and Cory Neal's A Bigger Boat have come together alongside former MGM President of Domestic...,2022-12-07 15:33:14.763348
/news-releases/time-equities-inc-closes-on-a-35-000-000-construction-loan-for-phase-ii-of-its-villas-at-suncrest-residential-community-in-panama-city-beach-fl-301686507.html,,"International real estate Time Equities, Inc. (TEI) announced that it has closed on a $35,000,000 construction loan for the development of Phase II...",2022-12-07 15:33:14.763348
/news-releases/bithumb-lists-alt-the-governance-token-of-gamefi-project-archloot-301686506.html,,"ArchLoot, a GameFi project built on BNB Chain, has announced that its governance token $ALT had been live on the cryptocurrency exchange Bithumb's...",2022-12-07 15:33:14.763348
/news-releases/native-american-basketball-invitational-nabi-to-be-honored-by-phoenix-suns-and-phoenix-mercury-for-20-year-history-301686505.html,,"The Native American Basketball Invitational (NABI) was honored during the Phoenix Suns game on Tuesday, November 22, 2022. Founded by Mark West, a...",2022-12-07 15:33:14.763348
/news-releases/nationally-ranked-rosen-law-firm-encourages-silvergate-capital-corporation-investors-to-inquire-about-securities-class-action-investigation--si-301685372.html,,"WHY: Rosen Law Firm, a global investor rights law firm, continues to investigate potential securities claims on behalf of shareholders of Silvergate...",2022-12-07 15:33:14.763348
/news-releases/risk-analytics-market-by-component-risk-type-deployment-mode-organization-size-vertical-and-region---global-forecast-to-2027-301686436.html,,"The ""Risk Analytics Market by Component (Software (ETL Tools, Risk Calculation Engines, GRC Software) and Services), Risk Type (Strategic Risk,...",2022-12-07 15:33:14.763348
/news-releases/bithumb-lists-alt-the-governance-token-of-gamefi-project-archloot-301686504.html,,"ArchLoot, a GameFi project built on BNB Chain, has announced that its governance token $ALT had been live on the cryptocurrency exchange Bithumb's...",2022-12-07 15:33:14.763348
/news-releases/new-spanish-production-entity-psychodelux-media-makes-moves-by-partnering-with-seasoned-hollywood-producers-as-they-establish-themselves-in-the-emerging-spanish-film-and-tv-industry-301686502.html,,Spain's PsychoDeLuX Media along with Peter Block and Cory Neal's A Bigger Boat have come together alongside former MGM President of Domestic...,2022-12-07 15:33:14.763348
/news-releases/global-nut-products-market-report-2022-to-2027-expanding-application-spectrum-for-nuts-and-derivatives-presents-opportunities-301686435.html,,"The ""Nut Products Market by Product Type (Nut Butter, Nut Paste/Marzipan Paste/Persipan Paste, Nut Fillings with Cocoa, Nut Fillings without Cocoa,...",2022-12-07 15:33:14.763348
/news-releases/blueroom-simulator-allows-defence-force-medics-to-explore-new-training-frontiers-in-mixed-reality-301686499.html,,"Australian first responder training company Real Response has created the BlueRoom Simulator, a mixed reality system which allows Navy, Army and Air...",2022-12-07 15:33:14.763348
/news-releases/mt-bank-corporation-to-participate-in-the-goldman-sachs-us-financial-services-conference-301686500.html,,"M&T Bank Corporation (NYSE:MTB)(""M&T"") will participate in the Goldman Sachs US Financial Services Conference being held in New York City....",2022-12-07 15:33:14.763348
/news-releases/the-us-ukraine-foundation-and-embassy-of-ukraine-in-the-usa-present-dc-premiere-of-freedom-on-fire-ukraines-fight-for-freedom-301686501.html,,"The U.S.-Ukraine Foundation (USUF) and the Embassy of Ukraine in the USA will present the Washington, D.C. premiere of Freedom on Fire: Ukraine's...",2022-12-07 15:33:14.763348
/news-releases/aircraft-seating-market-by-class-end-use-aircraft-type-materials-components-and-region---global-forecast-to-2027-301686406.html,,"The ""Aircraft Seating Market by Class (Business, First, Premium Economy, and Economy), End Use (OEM, Aftermarket, and MRO), Aircraft Type (NBA, WBA,...",2022-12-07 15:33:14.763348
/news-releases/inventhelp-inventor-develops-a-discrete-feminine-hygiene-product-occ-1198-301676054.html,,"""I was at work and needed to change my tampon and I was wishing that it didn't look that gross when disposing it,"" said an inventor from Ontario,...",2022-12-07 15:33:14.763348
/news-releases/i-am-als-and-veterans-with-als-send-an-open-letter-to-fda-requesting-an-advisory-committee-meeting-to-discuss-nurown-301686494.html,,To the Honorable Dr. Robert Califf and Dr. Peter Marks: We represent Veterans with ALS who support Brainstorm Cell Therapeutics' request for the FDA...,2022-12-07 15:33:14.763348
/news-releases/oral-drug-delivery-global-market-report-2022-nanotechnology-presents-lucrative-opportunities-for-growth-301686401.html,,"The ""Oral Drug Delivery Market - Forecasts from 2022 to 2027"" report has been added to ResearchAndMarkets.com's offering. People are embracing a more ...",2022-12-07 15:33:14.763348
/news-releases/inventhelp-inventor-develops-ostomy-pouch-cleaning-tool-rcf-106-301676581.html,,"""I wanted to create a more thorough and sanitary method for removing waste matter from an ostomy pouch,"" said an inventor, from Pine Valley, N.Y.,...",2022-12-07 15:33:14.763348
/news-releases/super-soccer-game-is-live-on-liveme-during-world-cup-2022-301686487.html, ,"Recently, LiveMe released the Super Soccer Game as part of World Cup celebrations for LiveMe fans. Super Soccer is a competitive game with...",2022-12-07 15:33:14.763348
/news-releases/early-detection-and-robotic-technology-helped-save-texas-health-patient-april-boudreaus-life-301686486.html,,April Boudreau wasn't sure she had it in her to battle cancer again. November is Lung Cancer Awareness Month. Early detection and robotic technology...,2022-12-07 15:33:14.763348
/news-releases/worldwide-controlled-environment-ppe-industry-insights-to-2026---product-innovation-includes-eco-friendly-biodegradable-washable-and-anti-static-products-offering-301686399.html,,"The ""Controlled Environment PPE Growth Opportunities"" report has been added to ResearchAndMarkets.com's offering. In 2021, the global controlled...",2022-12-07 15:33:14.763348
